{
  "labels_3d": [0, 0, 0, 0, 0, 0, 0, 0, 0, 0],
  "scores_3d": [
    0.9750410914421082, 0.9681973457336426, 0.945751428604126,
    0.8904464244842529, 0.889004647731781, 0.7712639570236206,
    0.755513608455658, 0.7059433460235596, 0.5794056057929993,
    0.44180527329444885
  ],
  "bboxes_3d": [
    [
      14.758358001708984, -1.0538208484649658, -1.5589616298675537,
      3.7562530040740967, 1.6059753894805908, 1.5587190389633179,
      -0.31309258937835693
    ],
    [
      6.437826633453369, -3.867896556854248, -1.7354369163513184,
      3.1476051807403564, 1.4598586559295654, 1.4284212589263916,
      -0.29967057704925537
    ],
    [
      8.112245559692383, 1.2169716358184814, -1.6339802742004395,
      3.666332483291626, 1.5731165409088135, 1.5915565490722656,
      2.8161821365356445
    ],
    [
      20.169815063476562, -8.431066513061523, -1.6690750122070312,
      2.3815908432006836, 1.5175902843475342, 1.5694267749786377,
      -0.32550549507141113
    ],
    [
      33.45585632324219, -7.035795211791992, -1.3376035690307617,
      4.214118957519531, 1.7446154356002808, 1.6696501970291138,
      2.8284807205200195
    ],
    [
      55.62160873413086, -20.328807830810547, -1.3770880699157715,
      4.370497226715088, 1.7359741926193237, 1.7067776918411255,
      2.8503031730651855
    ],
    [
      3.638274669647217, 2.7380857467651367, -1.6891639232635498,
      3.720524311065674, 1.5819674730300903, 1.5178072452545166,
      -0.2304767370223999
    ],
    [
      25.04045867919922, -10.15648078918457, -1.6325461864471436,
      3.7389578819274902, 1.608504295349121, 1.4840213060379028,
      -0.3298457860946655
    ],
    [
      28.725322723388672, -1.5524864196777344, -1.201728105545044,
      3.693903923034668, 1.5429328680038452, 1.5608948469161987,
      1.2416561841964722
    ],
    [
      40.87089920043945, -9.748839378356934, -1.366837501525879,
      3.8332817554473877, 1.652990698814392, 1.5704307556152344,
      -0.28816545009613037
    ]
  ],
  "box_type_3d": "LiDAR"
}
